covariate,smd_before,smd_after,abs_before,abs_after
age_grp: <20,-0.0542840311986126,0.0325266113300928,0.0542840311986126,0.0325266113300928
age_grp: 20-24,0.0590370834590615,-0.0141924203501285,0.0590370834590615,0.0141924203501285
age_grp: 25-29,0.033687726012455,-0.0453877226603808,0.033687726012455,0.0453877226603808
age_grp: 30-34,-0.0221532072984318,-0.0737839123576788,0.0221532072984318,0.0737839123576788
age_grp: 35-39,-0.0382281381603896,0.076690688028767,0.0382281381603896,0.076690688028767
age_grp: 40+,-0.0202697993126147,0.103042833149989,0.0202697993126147,0.103042833149989
race: White,0.129222401809786,-0.0719016170763945,0.129222401809786,0.0719016170763945
race: Black,-0.0716530653444979,0.00208112760842942,0.0716530653444979,0.00208112760842942
race: AIAN,0.11331019590959,0.0197960363910968,0.11331019590959,0.0197960363910968
race: Asian,-0.333831013410631,0.11317214575085,0.333831013410631,0.11317214575085
race: NHOPI,-0.0358452854802359,0.020092394142778,0.0358452854802359,0.020092394142778
race: Multiracial,0.0939028649886587,-0.0139279651145047,0.0939028649886587,0.0139279651145047
educ: <9th grade,-0.0776906397457348,0.043770013311249,0.0776906397457348,0.043770013311249
"educ: 9-12th, no diploma",0.424402204218299,0.0239875716473651,0.424402204218299,0.0239875716473651
educ: HS grad/GED,0.413910368584631,-0.0158037866386004,0.413910368584631,0.0158037866386004
educ: Some college,0.105022928261241,-0.0385930702931457,0.105022928261241,0.0385930702931457
educ: Associate,-0.120416858613702,-0.0292020282709802,0.120416858613702,0.0292020282709802
educ: Bachelor's,-0.636590329694198,-0.00058651722506677,0.636590329694198,0.00058651722506677
educ: Master's,-0.458636295484764,0.0521460322552491,0.458636295484764,0.0521460322552491
educ: Doctorate/Prof.,-0.250893287275349,-0.0106790273479961,0.250893287275349,0.0106790273479961
precare: 1st trimester,-0.307837220079596,0.00238433721238234,0.307837220079596,0.00238433721238234
precare: 2nd trimester,0.169158983257757,-0.00313735359118722,0.169158983257757,0.00313735359118722
precare: 3rd trimester,0.135584745625159,-0.00600526308513392,0.135584745625159,0.00600526308513392
precare: No care,0.20731661980654,0.0100793180585582,0.20731661980654,0.0100793180585582
parity: 0,-0.34648058953061,0.0331783140970019,0.34648058953061,0.0331783140970019
parity: 1,-0.0960113137977189,-0.0679505043110291,0.0960113137977189,0.0679505043110291
parity: 2,0.155403063495438,0.00838582799873953,0.155403063495438,0.00838582799873953
parity: 3+,0.369666093040782,0.03439073190681,0.369666093040782,0.03439073190681
bmi_grp: <18.5,0.120692512799551,-0.00237620929041247,0.120692512799551,0.00237620929041247
bmi_grp: 18.5-24.9,-0.0729060151632546,-0.131199065248385,0.0729060151632546,0.131199065248385
bmi_grp: 25-29.9,-0.0868224993823741,0.0113521865659202,0.0868224993823741,0.0113521865659202
bmi_grp: 30-34.9,0.0162126821120057,0.0764227208540032,0.0162126821120057,0.0764227208540032
bmi_grp: 35-39.9,0.061367079829386,0.0539218068752228,0.061367079829386,0.0539218068752228
bmi_grp: 40+,0.098719705617396,0.0478765751339501,0.098719705617396,0.0478765751339501
wic: Yes,0.461948166833295,0.0916296056677678,0.461948166833295,0.0916296056677678
ppterm: Yes,0.213742645178241,0.00310349844825364,0.213742645178241,0.00310349844825364
pdiab: Yes,0.0454861097721081,0.0462968619353809,0.0454861097721081,0.0462968619353809
phype: Yes,0.10993947034778,0.0271415265783779,0.10993947034778,0.0271415265783779
