term,coef,se,OR,OR_lo,OR_hi
(Intercept),-5.06263622487257,0.0336221199372449,0.0063288532215365,0.00592523115067617,0.00675996970939811
age_grp20-24,0.726478097503891,0.0207676455532161,2.06778523044683,1.9853069009122,2.15369007043165
age_grp25-29,1.01770640859689,0.021053268572275,2.76684147700184,2.65499295762535,2.88340190766637
age_grp30-34,1.26112554308767,0.0214964263038295,3.52939173507491,3.38377702133382,3.6812727142124
age_grp35-39,1.27485973131946,0.0225413366099564,3.5781994655811,3.42355235251081,3.73983222604874
age_grp40+,1.15335731311891,0.0274232392008728,3.16881377097987,3.0029879138022,3.34379657973311
raceBlack,-0.679288033126428,0.0100747808535586,0.506977815313494,0.497064936937084,0.517088384475158
raceAIAN,0.381125532579759,0.0227339670130937,1.46393136495642,1.40013261513863,1.53063718260071
raceAsian,-2.28391817794935,0.0493300584841746,0.10188422310741,0.0924945927824509,0.112227045991926
raceNHOPI,-1.4190102379642,0.0763950741610644,0.241953374688569,0.208306529764791,0.281035047673681
raceMultiracial,0.289888063903695,0.0160551832336822,1.33627790192167,1.29488243178747,1.37899672381782
"educ9-12th, no diploma",1.84365541230826,0.0242158175849593,6.31959682308544,6.02665668377774,6.62677602224347
educHS grad/GED,1.34877025135995,0.0236937439068292,3.85268478245829,3.67785798457078,4.03582196356011
educSome college,0.999717113297503,0.0243488593105445,2.71751297143098,2.59086902170249,2.85034738847698
educAssociate,0.349808777235064,0.0272474280411493,1.41879621651625,1.34501318808638,1.49662674078668
educBachelor's,-1.23799561611872,0.0306205084568348,0.289964836698037,0.273074176286457,0.307900247708224
educMaster's,-2.04535329449429,0.0490553481587998,0.129334488742055,0.11747828430714,0.142387251199856
educDoctorate/Prof.,-2.73017514508957,0.113758753031764,0.0652078678300657,0.052175496968566,0.081495458097985
precare2nd trimester,0.259913138685054,0.00819201369077308,1.29681743850551,1.27616156066795,1.31780765119719
precare3rd trimester,0.477242262935621,0.0129254289748888,1.6116238334849,1.571308044968,1.65297402312318
precareNo care,0.981434198065297,0.0153049108005165,2.66828034151929,2.58942688912659,2.74953504608881
wicYes,0.366698985566942,0.00695551247637304,1.44296350089524,1.42342534419032,1.46276984136475
parity1,0.188662815019851,0.00952841046075605,1.20763368788393,1.18528959715762,1.23039899076935
parity2,0.372954543456463,0.0104848340072604,1.45201833459796,1.42248347318358,1.48216642495679
parity3+,0.549661632116651,0.0109357018282011,1.73266663992376,1.69592388380967,1.77020544009368
pptermYes,0.462910627255186,0.0123877768486485,1.58869135036442,1.55058237261442,1.62773694019695
pdiabYes,0.0485313854033577,0.0259009378592255,1.04972831744998,0.997768041730618,1.10439450289976
phypeYes,0.476743587983604,0.0157598550061348,1.61082035740042,1.56182384875117,1.66135395223371
bmi_grp18.5-24.9,-0.549523489288759,0.0164959187700243,0.577224798657208,0.55886044392691,0.596192612673853
bmi_grp25-29.9,-0.82729418795153,0.0169827490144815,0.437230751424613,0.42291656044703,0.452029425826365
bmi_grp30-34.9,-0.800003420822792,0.0175213188726089,0.449327427045089,0.434158672954599,0.465026151201803
bmi_grp35-39.9,-0.716699636840695,0.0187873204374877,0.488361369041426,0.470705434581476,0.506679569111144
bmi_grp40+,-0.637774027223941,0.0194588560396852,0.528467469948897,0.508691577061778,0.549012170414357
