scenario,estimator,risk_smoke,risk_nosmoke,RD_pp,RD_lo,RD_hi,RR,RR_lo,RR_hi,OR,OR_lo,OR_hi,max_weight,smoker_ess
No truncation,IPTW (stabilized),11.9442297115148,8.36736386177754,3.57686584973727,2.62818342750669,4.52554827196784,1.42747822478195,1.31842830639624,1.54554788632868,1.4854630461825,1.35728357981915,1.62574755517769,453.293074960492,5133.70836902673
No truncation,AIPTW (doubly robust),11.7434112149425,8.36499481099692,3.37841640394555,2.39371427386304,4.36311853402807,1.40387549308508,1.29090934271193,1.52672719522234,1.45761511819666,1.32545516491484,1.60295262264264,453.293074960492,5133.70836902673
Clamp PS at 0.1 / 99.9 percentile,IPTW (stabilized),11.9561340169693,8.36566959577106,3.59046442119825,2.64291781512422,4.53801102727227,1.42919032124019,1.32023917277441,1.54713253208072,1.4874732798795,1.35937228809651,1.6276459199074,387.719339466402,5277.88332896478
Clamp PS at 0.1 / 99.9 percentile,AIPTW (doubly robust),11.7505675404639,8.365213460284,3.38535408017989,2.40229095062681,4.36841720973297,1.40469428499975,1.2919082541102,1.52732674942926,1.45858004263688,1.32660865545555,1.60367997904254,387.719339466402,5277.88332896478
Clamp PS at 1 / 99 percentile,IPTW (stabilized),11.8929590023092,8.35899123810572,3.53396776420343,2.77120383772194,4.29673169068493,1.4227744309736,1.33431772067557,1.5170952540504,1.47984182215889,1.37587665762633,1.59166289105348,187.000023649583,6806.52466523986
Clamp PS at 1 / 99 percentile,AIPTW (doubly robust),11.6223792701386,8.36570980626082,3.25666946387782,2.47429288603618,4.03904604171946,1.38928788343107,1.2987839839659,1.4860984173478,1.44048242102034,1.33477678736286,1.55455925283823,187.000023649583,6806.52466523986
Clamp PS at 5 / 95 percentile,IPTW (stabilized),12.0768830780336,8.34604436152506,3.73083871650859,3.22896687615371,4.23271055686347,1.44701879775617,1.38800123999044,1.50854577123731,1.5084200986106,1.43866715274318,1.58155497576622,41.6411164719411,15127.5925123135
Clamp PS at 5 / 95 percentile,AIPTW (doubly robust),11.586479281274,8.3658162006216,3.22066308065237,2.72416070133366,3.71716545997107,1.38497894328745,1.32678805943172,1.44572198981893,1.43542994347234,1.36742194250801,1.50682028609098,41.6411164719411,15127.5925123135
"DROP births with PS outside [0.01, 0.99] (keeps 60.3% of cohort)",AIPTW (doubly robust),12.3713536000992,9.34610805426219,3.02524554583701,2.77472775160512,3.27576334006891,1.32369040976981,1.29689092918752,1.35104368569703,1.36938880499491,1.33784302694518,1.40167841927409,,
Overlap weights (target = ATO),Overlap-weighted (ATO),13.6631632943114,10.3625519352823,3.30061135902918,3.07817837527021,3.52304434278815,1.31851337196114,1.29671047163043,1.34068286643389,1.36891943707286,1.34283855648996,1.39550686576513,,
