specification,estimator,risk_smoke,risk_nosmoke,RD_pp,RD_lo,RD_hi,RR,RR_lo,RR_hi,OR,OR_lo,OR_hi,ATT_AIPTW_pp
Main: ten DAG confounders,Outcome regression (g-computation),11.8436702741633,8.36341606704529,3.48025420711806,3.00027716411274,3.96023125012337,1.41612831159165,1.35977681541271,1.47481511095095,1.47203452422055,1.4057874719429,1.54140343668195,3.38833742508854
Main: ten DAG confounders,IPTW (stabilized),11.8929590023092,8.35899123810572,3.53396776420343,2.77120383772194,4.29673169068493,1.4227744309736,1.33431772067557,1.5170952540504,1.47984182215889,1.37587665762633,1.59166289105348,3.38833742508854
Main: ten DAG confounders,AIPTW (doubly robust),11.6223792701386,8.36570980626082,3.25666946387782,2.47429288603618,4.03904604171946,1.38928788343107,1.2987839839659,1.4860984173478,1.44048242102034,1.33477678736286,1.55455925283823,3.38833742508854
"A: pre-pregnancy confounders only (no prenatal-care timing, no WIC)",Outcome regression (g-computation),12.1925352026666,8.35541634037135,3.83711886229529,3.34754918797673,4.32668853661385,1.45923730260517,1.40168433083176,1.51915339172754,1.52300485347701,1.4548076866189,1.59439890581369,3.65347131777137
"A: pre-pregnancy confounders only (no prenatal-care timing, no WIC)",IPTW (stabilized),12.3082391880233,8.35378504472191,3.95445414330141,3.20663712503789,4.70227116156493,1.47337274326922,1.38643702520165,1.56575971439665,1.53981438950028,1.4366576937619,1.65037807155271,3.65347131777137
"A: pre-pregnancy confounders only (no prenatal-care timing, no WIC)",AIPTW (doubly robust),12.0125947071159,8.35780442222962,3.65479028488629,2.8753998713649,4.43418069840767,1.43729071658646,1.34692850998363,1.53371510712972,1.49699239923129,1.39050759647044,1.61163178758936,3.65347131777137
B: main set + insurance type,Outcome regression (g-computation),11.6112659206557,8.36904434489056,3.24222157576511,2.76509183483483,3.71935131669538,1.38740642804032,1.33144998880434,1.44571453134052,1.43829842352144,1.37286199511726,1.50685382978175,3.20353227392651
B: main set + insurance type,IPTW (stabilized),11.7217094571044,8.36357289761152,3.35813655949284,2.5550474876255,4.16122563136018,1.40151937462659,1.3086497193503,1.50097961922835,1.45483365406978,1.34613141704823,1.57231376833558,3.20353227392651
B: main set + insurance type,AIPTW (doubly robust),11.4242088210896,8.371220062517,3.05298875857263,2.23306952494727,3.87290799219798,1.36470057360488,1.27013454125671,1.46630738327514,1.41173843185689,1.30180827366523,1.53095155431027,3.20353227392651
C: age and BMI as continuous (quadratic),Outcome regression (g-computation),11.8381874441943,8.36206773406601,3.47611971012831,2.99564198644248,3.95659743381415,1.4157009750073,1.35928367301737,1.47445988679289,1.47152044967787,1.40520340758223,1.54096725223992,3.42419360745477
C: age and BMI as continuous (quadratic),IPTW (stabilized),11.9781066341922,8.35799305593271,3.62011357825947,2.83987354320862,4.40035361331032,1.4331319198321,1.34268386556503,1.52967288303365,1.49207294148066,1.38557108500548,1.60676105815959,3.42419360745477
C: age and BMI as continuous (quadratic),AIPTW (doubly robust),11.662394251375,8.3646406977865,3.2977535535885,2.49555883975169,4.09994826742531,1.39424927773182,1.30151052332275,1.493596105157,1.44629835095792,1.33789483517341,1.56348530915172,3.42419360745477
D: main set + two-way interactions,Outcome regression (g-computation),11.4488942504949,8.36697989402637,3.08191435646849,2.57872859544013,3.58510011749685,1.36834250775107,1.30941556062735,1.42992131361371,1.41596601717549,1.34731331124052,1.48811693988964,3.31225765259931
D: main set + two-way interactions,IPTW (stabilized),11.4343423940217,8.36106319622949,3.0732791977922,2.45971965405965,3.68683874152476,1.36757038257744,1.29604610778419,1.44304183321109,1.41502586048955,1.3317639177173,1.50349334383995,3.31225765259931
D: main set + two-way interactions,AIPTW (doubly robust),11.3909040910922,8.3679782443411,3.02292584675112,2.46070469405311,3.58514699944914,1.36124924784495,1.29561492569429,1.43020852724853,1.40768867365075,1.33134355147837,1.48841176248174,3.31225765259931
