variable,level,n,n_smokers,risk_smoke,risk_nosmoke,RD_pp,RD_lo,RD_hi,RR,RR_lo,RR_hi,OR,OR_lo,OR_hi
age_grp,<20,129560,2922,11.2989009726159,9.6630670601427,1.63583391247315,-0.101942193233101,3.3736100181794,1.16928723585294,1.00235380640407,1.36402199621862,1.19085133973445,1.00103998147073,1.41665361983225
age_grp,20-24,563502,18956,11.7894848650807,8.10503081111566,3.68445405396507,1.52379803023557,5.84511007769456,1.45458853147258,1.21087138044252,1.74735965360607,1.5153450592339,1.23093012676986,1.86547603199082
age_grp,25-29,898814,28230,9.79241029489163,7.68109323179635,2.11131706309528,1.20223040199639,3.02040372419417,1.27487194848194,1.16172115938143,1.39904354147388,1.3047104455185,1.17699278949104,1.44628697970289
age_grp,30-34,995376,28721,10.7898643746157,7.92678385592143,2.86308051869427,1.96081086907785,3.76535016831069,1.36119068852313,1.25183951645391,1.48009394668305,1.40487629123204,1.27901860627688,1.54311859419395
age_grp,35-39,542507,14855,14.8655873976667,9.33330375645937,5.5322836412073,3.02797993580767,8.03658734660692,1.5927465542283,1.34564413227439,1.88522472261546,1.69624789331318,1.39155610798036,2.06765426062865
age_grp,40+,129737,3503,16.7230789995055,12.266835596704,4.45624340280149,-5.44524814332076,14.3577349489237,1.36327570934421,0.754062540204031,2.46467707994764,1.43622615363272,0.705361380649667,2.92438120510476
race,White,2423407,77382,10.7333489310403,7.72842062410616,3.00492830693419,2.52468252037508,3.48517409349329,1.38881531597301,1.32790801812489,1.45251625530875,1.43556615075953,1.36524799629738,1.50950609617863
race,Black,493587,12376,16.6374084238566,11.6345398576427,5.00286856621389,3.20388721979201,6.80184991263577,1.43000141195335,1.28326462612167,1.59351703192253,1.51582059029509,1.33124810999117,1.72598334203667
race,AIAN,31214,2282,10.5142735089965,9.61684630034295,0.897427208653513,-2.54364517437435,4.33849959168138,1.09331824390513,0.787924132876328,1.51708106476212,1.10428282538949,0.765808361027698,1.59235733181827
race,Multiracial,96037,4552,12.7001014536872,8.57469987421673,4.12540157947045,2.36912360134932,5.88167955759157,1.48111323311445,1.28872415716006,1.70222339444691,1.5511040002632,1.32278918352983,1.81882619663729
educ,<9th grade,104582,1948,12.4882508574438,8.55790264232538,3.93034821511843,1.70609070350895,6.1546057267279,1.45926535734116,1.22048878450699,1.74475620765021,1.52480422553664,1.2433261044706,1.87000652351329
educ,"9-12th, no diploma",253929,21434,13.8430725076645,10.3700489834572,3.47302352420728,2.8271481257568,4.11889892265775,1.33490907610442,1.27324233420541,1.39956251342997,1.38871984627611,1.31470845746904,1.46689769924641
educ,HS grad/GED,876467,44482,11.8823798066328,9.37408593276965,2.50829387386311,2.15424430415386,2.86234344357236,1.26757743548037,1.23003004060132,1.30627098680736,1.30365939853254,1.2599805613512,1.34885241845292
educ,Some college,564738,20739,12.2601486125209,9.11401005406749,3.14613855845346,2.62642203833505,3.66585507857187,1.34519805659523,1.28890424787446,1.4039505374055,1.3934336007372,1.32725216877642,1.4629150702036
educ,Associate,273334,5268,10.8515834259094,8.64552249399916,2.20606093191019,1.31991488462837,3.092206979192,1.25516802870404,1.15636483462076,1.36241325671016,1.28622833529743,1.17326926015117,1.41006279352179
educ,Bachelor's,734190,2688,9.85472248727591,6.758989584088,3.09573290318792,1.44839272867248,4.74307307770336,1.45801711404851,1.23343259520746,1.72349418453692,1.50808775199994,1.25269214842276,1.81555274422036
educ,Master's,348193,547,12.2638214978916,6.75335538453874,5.51046611335282,0.331405887642841,10.6895263390628,1.81595974142995,1.19027764755527,2.77053827673532,1.93001513783775,1.19252916400063,3.12357847902568
bmi_grp,<18.5,87388,4766,14.7104502073309,9.85298037522791,4.85746983210298,0.641756335844644,9.07318332836131,1.49299497686157,1.12053442347702,1.98925972663756,1.57802506644717,1.12725766588076,2.20904517725322
bmi_grp,18.5-24.9,1227257,33295,11.7693595591849,7.13496612573346,4.63439343345148,3.17867628789233,6.09011057901062,1.64953264693672,1.45746671336088,1.86690915707818,1.73617582700471,1.50892589226249,1.99765045966294
bmi_grp,25-29.9,903645,23359,9.85342088064851,7.85746947739586,1.99595140325265,1.03528370286734,2.95661910363797,1.25401961903824,1.13742321128133,1.38256823786924,1.28178508992773,1.15028559992038,1.42831746904834
bmi_grp,30-34.9,554980,17126,12.5790400264404,9.11886905400892,3.46017097243145,0.923451292263131,5.99689065259977,1.37945176665414,1.12743122215735,1.68780776966956,1.43405124671349,1.13853783025713,1.80626670765616
bmi_grp,35-39.9,281479,10087,12.3057537427281,10.3998264923159,1.9059272504122,0.18579843353747,3.62605606728694,1.18326529311046,1.02878128805954,1.36094694774304,1.20898211790635,1.03072676976964,1.41806519854335
bmi_grp,40+,204747,8554,13.6980351894684,12.5132117410384,1.18482344843001,-1.03091757562272,3.40056447248274,1.09468579873417,0.931129621186381,1.28697119142599,1.1097145342427,0.919988957839113,1.33856644366903
parity,0,1315141,24099,11.5004656138283,8.49587544220972,3.00459017161862,1.58729181854049,4.42188852469674,1.35365280388776,1.19663103893329,1.53127894384774,1.39960979042509,1.21760272713508,1.60882324078142
parity,1,1011713,26063,10.380923829032,7.19522388800348,3.18569994102847,2.08308737547561,4.28831250658132,1.44275202420594,1.29721259374324,1.60462010112302,1.49403770170682,1.32690336077261,1.68222398112075
parity,2,528771,21507,10.9103100128497,8.40488462844161,2.5054253844081,1.31976312401186,3.69108764480435,1.298091585449,1.16424273257481,1.4473285656565,1.33459717447888,1.1811642520562,1.50796099274622
parity,3+,403871,25518,16.0615487817101,10.822670433023,5.23887834868716,2.31807536887794,8.15968132849637,1.48406522041934,1.23715391564635,1.78025510860356,1.57669067440914,1.26942838001495,1.95832511853837
ppterm,No,3133286,88555,10.9476545738408,7.64912197205246,3.29853260178836,2.48971051369755,4.10735468987918,1.43123022666395,1.32923210306786,1.54105513776623,1.48424353631597,1.36600628044837,1.61271504137788
ppterm,Yes,126210,8632,28.3730760831028,26.1556997333298,2.21737634977293,-0.0341944255134244,4.46894712505929,1.08477602864309,1.00193426993125,1.17446729554368,1.11835776829039,1.00099910111458,1.2494757452857
