variable,level,n_nonsmoker,n_smoker,pct_nonsmoker,pct_smoker,preterm_pct_nonsmoker,preterm_pct_smoker
age_grp,<20,126638,2922,4.00460549554139,3.00657495344028,9.65981774822723,11.8069815195072
age_grp,20-24,544546,18956,17.2198858492323,19.5046662619486,8.08049274074183,10.9041991981431
age_grp,25-29,870584,28230,27.5300105081445,29.0470947760503,7.62936144013674,11.9447396386823
age_grp,30-34,966655,28721,30.5680121708536,29.5523063784251,7.84002565548205,14.4284669753839
age_grp,35-39,527652,14855,16.6856559558222,15.2849660962886,9.22085010575152,18.970043756311
age_grp,40+,126234,3503,3.99183002040598,3.60439153384712,12.1734239586799,21.8384242078219
race,White,2346025,77382,74.187089243967,79.6217601119491,7.65989279739133,12.9862241865033
race,Black,481211,12376,15.2170771420503,12.734213423606,11.5554299465307,19.1580478345184
race,AIAN,28932,2282,0.914901105489691,2.34805066521243,9.46356974975805,13.5845749342682
race,Asian,202949,418,6.41774728529059,0.430098675748814,7.63295212097621,14.3540669856459
race,NHOPI,11707,177,0.370204176758185,0.182123123463015,10.0111044674127,11.2994350282486
race,Multiracial,91485,4552,2.89298104644423,4.68375400002058,8.47352024922118,15.3998242530756
educ,<9th grade,102634,1948,3.2455398887332,2.00438330229352,8.5254399126995,16.2217659137577
educ,"9-12th, no diploma",232495,21434,7.35206458318906,22.0543899904308,10.2677476934988,15.1908183260241
educ,HS grad/GED,831985,44482,26.3094150508379,45.7694959202363,9.32240364910425,13.2862730992312
educ,Some college,543999,20739,17.2025883618584,21.3392737711834,9.06692843185374,13.9929601234389
educ,Associate,268066,5268,8.47690722190652,5.42047804747549,8.61168518200742,13.705391040243
educ,Bachelor's,731502,2688,23.1318950804618,2.76580201055697,6.75445863442615,11.9047619047619
educ,Master's,347646,547,10.9934228438777,0.56283247759474,6.75140804151349,13.7111517367459
educ,Doctorate/Prof.,103982,81,3.28816696913553,0.0833444802288372,6.72231732415226,12.3456790123457
precare,1st trimester,2439888,61460,77.1552685079162,63.2389105538807,8.21914776415967,12.1753986332574
precare,2nd trimester,522024,22580,16.5076847328961,23.2335600440388,7.80213170275696,13.4898139946856
precare,3rd trimester,142354,7527,4.50158412729433,7.74486299607972,6.60887646290234,12.1828085558656
precare,No care,58043,5620,1.83546263189334,5.7826664060008,20.3073583377841,36.7437722419929
wic,No,2191695,45782,69.3067944973119,47.1071233806991,8.00047451858037,15.6043860032327
wic,Yes,970614,51405,30.6932055026881,52.8928766193009,8.9753496240524,12.3859546736699
parity,0,1291042,24099,40.825928143012,24.7965262843796,8.47462747145329,13.2204655794846
parity,1,985650,26063,31.1686808594606,26.8173726938788,7.14787196266423,12.347005333231
parity,2,507264,21507,16.0409371759686,22.1295029170568,8.33175624526874,12.7679360208304
parity,3+,378353,25518,11.9644538215589,26.2565981046848,10.6604150092638,17.0898973273768
ppterm,No,3044731,88555,96.2818940211093,91.1181536625269,7.61374321738111,12.229687764666
ppterm,Yes,117578,8632,3.71810597889074,8.88184633747312,26.0626988041981,31.0588507877665
pdiab,No,3123571,95459,98.7750090203076,98.2219844217848,8.07892633143284,13.5419394713961
pdiab,Yes,38738,1728,1.22499097969237,1.77801557821519,26.1009861118282,33.7962962962963
phype,No,3065467,92081,96.9376174181587,94.7462109129822,7.93321213374667,13.2861285172837
phype,Yes,96842,5106,3.06238258184131,5.25378908701781,19.9004564135396,25.0097924010968
bmi_grp,<18.5,82622,4766,2.61271115504525,4.90394805889677,9.71290939459224,17.7087704574066
bmi_grp,18.5-24.9,1193962,33295,37.7560194149275,34.2586971508535,7.05516590980282,15.0713320318366
bmi_grp,25-29.9,880286,23359,27.8368116461737,24.0351075761162,7.80700817688797,13.0784708249497
bmi_grp,30-34.9,537854,17126,17.0082683254546,17.6216983752971,9.08053114785797,12.6182412705827
bmi_grp,35-39.9,271392,10087,8.58208353453126,10.3789601489911,10.3680285343709,12.6697729751165
bmi_grp,40+,196193,8554,6.20410592386766,8.80158868984535,12.487193732702,13.5024549918167
